Rank  ,Name  ,Country  ,2022 Population  ,2021 Population  ,Change  
1,Tokyo,Japan,"37,274,000","37,339,804",-0.18%
2,Delhi,India,"32,065,760","31,181,376",2.84%
3,Shanghai,China,"28,516,904","27,795,702",2.59%
4,Dhaka,Bangladesh,"22,478,116","21,741,090",3.39%
5,Sao Paulo,Brazil,"22,429,800","22,237,472",0.86%
6,Mexico City,Mexico,"22,085,140","21,918,936",0.76%
7,Cairo,Egypt,"21,750,020","21,322,750",2.00%
8,Beijing,China,"21,333,332","20,896,820",2.09%
9,Mumbai,India,"20,961,472","20,667,656",1.42%
10,Osaka,Japan,"19,059,856","19,110,616",-0.27%
11,Chongqing,China,"16,874,740","16,382,376",3.01%
12,Karachi,Pakistan,"16,839,950","16,459,472",2.31%
13,Istanbul,Turkey,"15,636,243","15,415,197",1.43%
14,Kinshasa,DR Congo,"15,628,085","14,970,460",4.39%
15,Lagos,Nigeria,"15,387,639","14,862,111",3.54%
16,Buenos Aires,Argentina,"15,369,919","15,257,673",0.74%
17,Kolkata,India,"15,133,888","14,974,073",1.07%
18,Manila,Philippines,"14,406,059","14,158,573",1.75%
19,Tianjin,China,"14,011,828","13,794,450",1.58%
20,Guangzhou,China,"13,964,637","13,635,397",2.41%
21,Rio De Janeiro,Brazil,"13,634,274","13,544,462",0.66%
22,Lahore,Pakistan,"13,541,764","13,095,166",3.41%
23,Bangalore,India,"13,193,035","12,764,935",3.35%
24,Shenzhen,China,"12,831,330","12,591,696",1.90%
25,Moscow,Russia,"12,640,818","12,593,252",0.38%
26,Chennai,India,"11,503,293","11,235,018",2.39%
27,Bogota,Colombia,"11,344,312","11,167,392",1.58%
28,Paris,France,"11,142,303","11,078,546",0.58%
29,Jakarta,Indonesia,"11,074,811","10,915,364",1.46%
30,Lima,Peru,"11,044,607","10,882,757",1.49%
31,Bangkok,Thailand,"10,899,698","10,722,815",1.65%
32,Hyderabad,India,"10,534,418","10,268,653",2.59%
33,Seoul,South Korea,"9,975,709","9,967,677",0.08%
34,Nagoya,Japan,"9,571,596","9,565,642",0.06%
35,London,United Kingdom,"9,540,576","9,425,622",1.22%
36,Chengdu,China,"9,478,521","9,305,116",1.86%
37,Nanjing,China,"9,429,381","9,143,980",3.12%
38,Tehran,Iran,"9,381,546","9,259,009",1.32%
39,Ho Chi Minh City,Vietnam,"9,077,158","8,837,544",2.71%
40,Luanda,Angola,"8,952,496","8,631,876",3.71%
41,Wuhan,China,"8,591,611","8,473,405",1.40%
42,Xi An Shaanxi,China,"8,537,646","8,274,651",3.18%
43,Ahmedabad,India,"8,450,228","8,253,226",2.39%
44,Kuala Lumpur,Malaysia,"8,419,566","8,210,745",2.54%
45,New York City,United States,"8,177,020","8,230,290",-0.65%
46,Hangzhou,China,"8,044,878","7,845,501",2.54%
47,Surat,India,"7,784,276","7,489,742",3.93%
48,Suzhou,China,"7,764,499","7,427,096",4.54%
49,Hong Kong,Hong Kong,"7,643,256","7,598,189",0.59%
50,Riyadh,Saudi Arabia,"7,538,200","7,387,817",2.04%
51,Shenyang,China,"7,527,975","7,373,655",2.09%
52,Baghdad,Iraq,"7,511,920","7,323,079",2.58%
53,Dongguan,China,"7,511,851","7,451,889",0.80%
54,Foshan,China,"7,497,263","7,406,751",1.22%
55,Dar Es Salaam,Tanzania,"7,404,689","7,046,892",5.08%
56,Pune,India,"6,987,077","6,807,984",2.63%
57,Santiago,Chile,"6,856,939","6,811,595",0.67%
58,Madrid,Spain,"6,713,557","6,668,865",0.67%
59,Haerbin,China,"6,665,951","6,526,439",2.14%
60,Toronto,Canada,"6,312,974","6,254,571",0.93%
61,Belo Horizonte,Brazil,"6,194,292","6,139,774",0.89%
62,Khartoum,Sudan,"6,160,327","5,989,024",2.86%
63,Johannesburg,South Africa,"6,065,354","5,926,668",2.34%
64,Singapore,Singapore,"6,039,577","5,991,801",0.80%
65,Dalian,China,"5,930,140","5,775,938",2.67%
66,Qingdao,China,"5,865,232","5,742,486",2.14%
67,Zhengzhou,China,"5,690,312","5,510,341",3.27%
68,Ji Nan Shandong,China,"5,663,015","5,513,597",2.71%
69,Barcelona,Spain,"5,658,472","5,624,498",0.60%
70,Saint Petersburg,Russia,"5,535,556","5,504,305",0.57%
71,Abidjan,Ivory Coast,"5,515,790","5,354,826",3.01%
72,Yangon,Myanmar,"5,514,454","5,421,806",1.71%
73,Fukuoka,Japan,"5,502,591","5,516,158",-0.25%
74,Alexandria,Egypt,"5,483,605","5,381,101",1.90%
75,Guadalajara,Mexico,"5,339,583","5,259,296",1.53%
76,Ankara,Turkey,"5,309,690","5,215,747",1.80%
77,Chittagong,Bangladesh,"5,252,842","5,132,751",2.34%
78,Addis Ababa,Ethiopia,"5,227,794","5,005,524",4.44%
79,Melbourne,Australia,"5,150,766","5,061,439",1.76%
80,Nairobi,Kenya,"5,118,844","4,922,192",4.00%
81,Hanoi,Vietnam,"5,067,352","4,874,982",3.95%
82,Sydney,Australia,"5,056,571","4,991,654",1.30%
83,Monterrey,Mexico,"5,036,535","4,955,506",1.64%
84,Changsha,China,"4,809,887","4,694,722",2.45%
85,Brasilia,Brazil,"4,803,877","4,727,902",1.61%
86,Cape Town,South Africa,"4,800,954","4,709,990",1.93%
87,Jiddah,Saudi Arabia,"4,780,740","4,696,535",1.79%
88,Urumqi,China,"4,710,203","4,543,684",3.66%
89,Kunming,China,"4,657,381","4,550,831",2.34%
90,Changchun,China,"4,616,002","4,520,695",2.11%
91,Hefei,China,"4,496,456","4,371,005",2.87%
92,Shantou,China,"4,490,411","4,407,928",1.87%
93,Xinbei,Taiwan,"4,470,672","4,434,905",0.81%
94,Kabul,Afghanistan,"4,457,882","4,335,770",2.82%
95,Ningbo,China,"4,405,292","4,263,843",3.32%
96,Tel Aviv,Israel,"4,343,584","4,263,745",1.87%
97,Yaounde,Cameroon,"4,336,670","4,164,167",4.14%
98,Rome,Italy,"4,297,877","4,278,350",0.46%
99,Shijiazhuang,China,"4,285,135","4,199,392",2.04%
100,Montreal,Canada,"4,276,526","4,247,446",0.68%
101,Recife,Brazil,"4,220,458","4,174,774",1.09%
102,Kano,Nigeria,"4,219,209","4,103,015",2.83%
103,Porto Alegre,Brazil,"4,185,488","4,160,682",0.60%
104,Fortaleza,Brazil,"4,163,953","4,119,633",1.08%
105,Jaipur,India,"4,106,756","4,007,505",2.48%
106,Nanning,China,"4,085,697","3,974,322",2.80%
107,Medellin,Colombia,"4,067,758","4,033,783",0.84%
108,Taiyuan Shanxi,China,"4,061,003","3,975,985",2.14%
109,Ekurhuleni,South Africa,"4,044,660","3,969,937",1.88%
110,Los Angeles,United States,"3,985,520","3,983,540",0.05%
111,Douala,Cameroon,"3,926,645","3,793,363",3.51%
112,Kozhikode,India,"3,920,873","3,742,198",4.77%
113,Salvador,Brazil,"3,920,132","3,880,314",1.03%
114,Changzhou,China,"3,869,213","3,749,712",3.19%
115,Xiamen,China,"3,862,882","3,790,792",1.90%
116,Lucknow,India,"3,854,224","3,764,619",2.38%
117,Fuzhou Fujian,China,"3,843,753","3,764,559",2.10%
118,Casablanca,Morocco,"3,840,396","3,793,585",1.23%
119,Wenzhou,China,"3,824,561","3,725,342",2.66%
120,Nanchang,China,"3,817,888","3,709,958",2.91%
121,Malappuram,India,"3,816,345","3,608,928",5.75%
122,Curitiba,Brazil,"3,770,919","3,726,050",1.20%
123,Ibadan,Nigeria,"3,756,445","3,649,023",2.94%
124,Antananarivo,Madagascar,"3,699,900","3,531,887",4.76%
125,Tangshan Hebei,China,"3,693,292","3,562,719",3.66%
126,Abuja,Nigeria,"3,652,029","3,464,123",5.42%
127,Kampala,Uganda,"3,651,919","3,469,510",5.26%
128,Kumasi,Ghana,"3,630,326","3,490,030",4.02%
129,Faisalabad,Pakistan,"3,624,804","3,542,020",2.34%
130,Bekasi,Indonesia,"3,622,203","3,510,050",3.20%
131,Berlin,Germany,"3,570,750","3,566,791",0.11%
132,Guiyang,China,"3,495,855","3,407,463",2.59%
133,Busan,South Korea,"3,468,139","3,465,946",0.06%
134,Santo Domingo,Dominican Republic,"3,457,626","3,388,809",2.03%
135,Asuncion,Paraguay,"3,452,315","3,394,309",1.71%
136,Campinas,Brazil,"3,384,564","3,343,816",1.22%
137,Wuxi,China,"3,375,810","3,315,113",1.83%
138,Thrissur,India,"3,351,322","3,212,604",4.32%
139,Dakar,Senegal,"3,326,001","3,229,800",2.98%
140,Port Harcourt,Nigeria,"3,324,694","3,171,076",4.84%
141,Mashhad,Iran,"3,317,640","3,264,101",1.64%
142,Kochi,India,"3,301,294","3,193,029",3.39%
143,Puebla,Mexico,"3,294,779","3,244,710",1.54%
144,Kuwait City,Kuwait,"3,238,523","3,177,315",1.93%
145,Lanzhou,China,"3,226,493","3,153,808",2.30%
146,Indore,India,"3,208,722","3,113,445",3.06%
147,Durban,South Africa,"3,199,329","3,176,254",0.73%
148,Kanpur,India,"3,189,926","3,153,425",1.16%
149,Sanaa,Yemen,"3,181,655","3,075,257",3.46%
150,Athens,Greece,"3,153,781","3,153,255",0.02%
151,Milan,Italy,"3,149,223","3,144,473",0.15%
152,Pyongyang,North Korea,"3,132,527","3,108,108",0.79%
153,Guayaquil,Ecuador,"3,092,355","3,042,941",1.62%
154,Izmir,Turkey,"3,056,149","3,024,020",1.06%
155,Ouagadougou,Burkina Faso,"3,055,788","2,914,619",4.84%
156,Lusaka,Zambia,"3,041,789","2,905,993",4.67%
157,Guatemala City,Guatemala,"3,036,405","2,983,174",1.78%
158,Kiev,Ukraine,"3,010,209","3,000,604",0.32%
159,Surabaya,Indonesia,"3,005,385","2,972,091",1.12%
160,Nagpur,India,"2,991,427","2,940,487",1.73%
161,Lisbon,Portugal,"2,986,162","2,971,587",0.49%
162,Zhongshan,China,"2,973,878","2,941,522",1.10%
163,Dubai,United Arab Emirates,"2,964,382","2,921,376",1.47%
164,Caracas,Venezuela,"2,956,813","2,945,858",0.37%
165,Depok,Indonesia,"2,942,149","2,836,941",3.71%
166,Shizuoka,Japan,"2,935,436","2,930,341",0.17%
167,Coimbatore,India,"2,934,621","2,860,445",2.59%
168,Handan,China,"2,917,786","2,824,345",3.31%
169,Port Au Prince,Haiti,"2,915,276","2,843,925",2.51%
170,Huaian,China,"2,879,079","2,770,106",3.93%
171,Algiers,Algeria,"2,853,959","2,809,158",1.59%
172,Cali,Colombia,"2,836,747","2,809,508",0.97%
173,Weifang,China,"2,834,645","2,746,160",3.22%
174,Incheon,South Korea,"2,834,132","2,818,288",0.56%
175,Bamako,Mali,"2,816,943","2,713,230",3.82%
176,Goiania,Brazil,"2,800,919","2,747,887",1.93%
177,Thiruvananthapuram,India,"2,793,173","2,690,703",3.81%
178,Manchester,United Kingdom,"2,770,434","2,750,120",0.74%
179,Mbuji Mayi,DR Congo,"2,765,002","2,642,794",4.62%
180,Taibei,Taiwan,"2,742,379","2,731,208",0.41%
181,Pretoria,South Africa,"2,739,768","2,655,282",3.18%
182,Zibo,China,"2,732,104","2,685,108",1.75%
183,Shaoxing,China,"2,722,257","2,633,145",3.38%
184,Lubumbashi,DR Congo,"2,695,331","2,584,133",4.30%
185,Yantai,China,"2,689,227","2,609,465",3.06%
186,Huizhou,China,"2,684,343","2,605,871",3.01%
187,Chicago,United States,"2,671,640","2,679,080",-0.28%
188,Sapporo,Japan,"2,668,982","2,670,121",-0.04%
189,Birmingham,United Kingdom,"2,645,598","2,626,374",0.73%
190,Bandung,Indonesia,"2,638,090","2,606,850",1.20%
191,Vancouver,Canada,"2,631,690","2,606,351",0.97%
192,Accra,Ghana,"2,605,402","2,556,972",1.89%
193,Toluca De Lerdo,Mexico,"2,575,626","2,522,407",2.11%
194,Tashkent,Uzbekistan,"2,573,758","2,545,159",1.12%
195,Brazzaville,Republic of the Congo,"2,552,813","2,469,630",3.37%
196,Luoyang,China,"2,534,195","2,461,883",2.94%
197,Patna,India,"2,529,210","2,481,530",1.92%
198,Bhopal,India,"2,505,183","2,446,882",2.38%
199,Damascus,Syria,"2,502,761","2,439,814",2.58%
200,Mogadishu,Somalia,"2,497,463","2,387,920",4.59%
201,Brisbane,Australia,"2,472,222","2,439,467",1.34%
202,Tangerang,Indonesia,"2,456,106","2,397,447",2.45%
203,San Juan,Puerto Rico,"2,442,512","2,445,462",-0.12%
204,Tunis,Tunisia,"2,439,404","2,402,680",1.53%
205,Beirut,Lebanon,"2,433,155","2,434,609",-0.06%
206,Nantong,China,"2,423,725","2,351,145",3.09%
207,Medan,Indonesia,"2,402,041","2,368,348",1.42%
208,Baku,Azerbaijan,"2,401,108","2,370,776",1.28%
209,Belem,Brazil,"2,385,490","2,360,474",1.06%
210,Gujranwala,Pakistan,"2,352,547","2,290,461",2.71%
211,Peshawar,Pakistan,"2,342,514","2,272,812",3.07%
212,Manaus,Brazil,"2,340,784","2,302,374",1.67%
213,Sendai,Japan,"2,339,991","2,334,959",0.22%
214,Maracaibo,Venezuela,"2,332,718","2,296,118",1.59%
215,Rawalpindi,Pakistan,"2,327,455","2,280,733",2.05%
216,Houston,United States,"2,325,350","2,323,660",0.07%
217,Barranquilla,Colombia,"2,324,690","2,299,186",1.11%
218,Agra,India,"2,313,971","2,261,561",2.32%
219,Hohhot,China,"2,312,208","2,239,344",3.25%
220,Taoyuan,Taiwan,"2,296,368","2,271,507",1.09%
221,Baotou,China,"2,287,174","2,238,823",2.16%
222,Kannur,India,"2,286,474","2,226,693",2.68%
223,Liuzhou,China,"2,286,224","2,226,508",2.68%
224,Visakhapatnam,India,"2,277,870","2,225,906",2.33%
225,Vadodara,India,"2,277,153","2,232,521",2.00%
226,Xuzhou,China,"2,240,503","2,193,219",2.16%
227,Tijuana,Mexico,"2,221,008","2,181,104",1.83%
228,Esfahan,Iran,"2,219,343","2,176,927",1.95%
229,Phnom Penh,Cambodia,"2,211,444","2,143,591",3.17%
230,Amman,Jordan,"2,209,584","2,182,151",1.26%
231,Daegu,South Korea,"2,184,528","2,190,571",-0.28%
232,Naples,Italy,"2,180,348","2,182,885",-0.12%
233,Nashik,India,"2,180,269","2,123,018",2.70%
234,Vijayawada,India,"2,167,516","2,104,113",3.01%
235,Havana,Cuba,"2,145,691","2,142,866",0.13%
236,Grande Vitoria,Brazil,"2,141,511","2,109,869",1.50%
237,Mecca,Saudi Arabia,"2,114,675","2,078,766",1.73%
238,Brussels,Belgium,"2,109,631","2,095,688",0.67%
239,Multan,Pakistan,"2,105,987","2,059,534",2.26%
240,Aleppo,Syria,"2,098,210","2,003,671",4.72%
241,Putian,China,"2,093,166","2,002,884",4.51%
242,Perth,Australia,"2,092,649","2,067,333",1.22%
243,Yangzhou,China,"2,085,864","2,039,472",2.27%
244,Hiroshima,Japan,"2,072,344","2,077,569",-0.25%
245,Baoding,China,"2,064,081","2,019,960",2.18%
246,Bursa,Turkey,"2,054,748","2,021,116",1.66%
247,Taizhou Zhejiang,China,"2,048,701","1,992,626",2.81%
248,Minsk,Belarus,"2,048,574","2,038,822",0.48%
249,Conakry,Guinea,"2,048,525","1,991,134",2.88%
250,Wuhu Anhui,China,"2,046,187","1,960,681",4.36%
251,Linyi Shandong,China,"2,030,847","1,984,133",2.35%
252,Kollam,India,"2,025,984","1,940,571",4.40%
253,Rajkot,India,"1,988,607","1,933,522",2.85%
254,Haikou,China,"1,974,244","1,931,705",2.20%
255,Vienna,Austria,"1,960,023","1,944,910",0.78%
256,Valencia,Venezuela,"1,959,318","1,934,891",1.26%
257,Almaty,Kazakhstan,"1,958,135","1,927,623",1.58%
258,Daqing,China,"1,954,752","1,907,293",2.49%
259,Yancheng Jiangsu,China,"1,951,122","1,907,903",2.27%
260,Panama City,Panama,"1,937,963","1,899,081",2.05%
261,Semarang,Indonesia,"1,937,887","1,901,570",1.91%
262,Lianyungang,China,"1,933,605","1,877,847",2.97%
263,Rabat,Morocco,"1,931,930","1,907,071",1.30%
264,Baixada Santista,Brazil,"1,929,846","1,911,338",0.97%
265,Quito,Ecuador,"1,928,296","1,900,571",1.46%
266,Hyderabad,Pakistan,"1,925,953","1,886,734",2.08%
267,Lome,Togo,"1,925,517","1,874,394",2.73%
268,Ludhiana,India,"1,916,772","1,885,456",1.66%
269,West Yorkshire,United Kingdom,"1,915,134","1,901,947",0.69%
270,Davao City,Philippines,"1,907,721","1,866,401",2.21%
271,La Paz,Bolivia,"1,907,686","1,881,796",1.38%
272,Leon De Los Aldamas,Mexico,"1,873,522","1,848,932",1.33%
273,Zhuhai,China,"1,847,411","1,803,711",2.42%
274,Benin City,Nigeria,"1,841,084","1,781,999",3.32%
275,Datong,China,"1,831,912","1,788,913",2.40%
276,Quanzhou,China,"1,814,734","1,755,721",3.36%
277,Adana,Turkey,"1,814,445","1,792,565",1.22%
278,Madurai,India,"1,798,834","1,765,534",1.89%
279,Turin,Italy,"1,798,471","1,795,235",0.18%
280,Matola,Mozambique,"1,796,872","1,748,247",2.78%
281,Warsaw,Poland,"1,794,532","1,789,620",0.27%
282,Hamburg,Germany,"1,788,170","1,788,995",-0.05%
283,Can Tho,Vietnam,"1,786,437","1,703,487",4.87%
284,Sharjah,United Arab Emirates,"1,785,684","1,736,799",2.81%
285,Bucharest,Romania,"1,785,294","1,794,248",-0.50%
286,Palembang,Indonesia,"1,785,209","1,753,269",1.82%
287,Santa Cruz,Bolivia,"1,784,372","1,748,540",2.05%
288,Budapest,Hungary,"1,775,207","1,771,865",0.19%
289,Gaziantep,Turkey,"1,773,495","1,739,687",1.94%
290,Montevideo,Uruguay,"1,767,243","1,759,906",0.42%
291,Meerut,India,"1,762,162","1,728,435",1.95%
292,Raipur,India,"1,760,411","1,702,048",3.43%
293,Phoenix,United States,"1,759,940","1,733,630",1.52%
294,Lyon,France,"1,747,575","1,733,581",0.81%
295,Jiangmen,China,"1,740,196","1,713,021",1.59%
296,Mosul,Iraq,"1,737,101","1,683,029",3.21%
297,Cixi,China,"1,732,743","1,672,457",3.60%
298,La Laguna,Mexico,"1,729,825","1,674,258",3.32%
299,Varanasi,India,"1,722,259","1,692,509",1.76%
300,Xiangyang,China,"1,713,433","1,684,991",1.69%
301,Shiraz,Iran,"1,698,584","1,675,226",1.39%
302,Glasgow,United Kingdom,"1,688,907","1,680,669",0.49%
303,Novosibirsk,Russia,"1,686,236","1,675,866",0.62%
304,Batam,Indonesia,"1,684,932","1,617,168",4.19%
305,Stockholm,Sweden,"1,679,050","1,656,571",1.36%
306,Yinchuan,China,"1,672,688","1,626,584",2.83%
307,Anshan,China,"1,667,187","1,647,001",1.23%
308,Jamshedpur,India,"1,661,439","1,629,621",1.95%
309,Yichang,China,"1,660,148","1,605,526",3.40%
310,Srinagar,India,"1,659,935","1,622,454",2.31%
311,Auckland,New Zealand,"1,652,341","1,630,092",1.36%
312,Jilin,China,"1,645,140","1,623,240",1.35%
313,Ulaanbaatar,Mongolia,"1,644,544","1,615,094",1.82%
314,Tabriz,Iran,"1,643,960","1,627,304",1.02%
315,Makassar,Indonesia,"1,642,129","1,612,249",1.85%
316,Aurangabad,India,"1,641,602","1,599,927",2.60%
317,Qinhuangdao,China,"1,634,829","1,585,961",3.08%
318,Xining,China,"1,625,782","1,583,164",2.69%
319,Muscat,Oman,"1,622,620","1,589,865",2.06%
320,Monrovia,Liberia,"1,622,582","1,569,013",3.41%
321,Marseille,France,"1,620,227","1,613,797",0.40%
322,Tiruppur,India,"1,619,469","1,558,993",3.88%
323,Hengyang,China,"1,618,900","1,573,731",2.87%
324,Calgary,Canada,"1,611,475","1,580,659",1.95%
325,Qiqihaer,China,"1,609,057","1,583,663",1.60%
326,San Antonio,United States,"1,598,960","1,581,730",1.09%
327,Cordoba,Argentina,"1,597,844","1,584,599",0.84%
328,Suqian,China,"1,595,867","1,520,240",4.97%
329,Kananga,DR Congo,"1,592,924","1,524,234",4.51%
330,Karaj,Iran,"1,586,825","1,582,351",0.28%
331,Anyang,China,"1,585,812","1,524,622",4.01%
332,Philadelphia,United States,"1,585,480","1,585,010",0.03%
333,Rosario,Argentina,"1,574,235","1,553,530",1.33%
334,Daejon,South Korea,"1,573,369","1,569,459",0.25%
335,Munich,Germany,"1,566,128","1,553,373",0.82%
336,Ciudad Juarez,Mexico,"1,560,821","1,539,758",1.37%
337,Harare,Zimbabwe,"1,557,740","1,541,824",1.03%
338,Onitsha,Nigeria,"1,552,630","1,482,971",4.70%
339,Jodhpur,India,"1,548,048","1,509,826",2.53%
340,Gaoxiong,Taiwan,"1,547,094","1,541,861",0.34%
341,Medina,Saudi Arabia,"1,545,420","1,517,501",1.84%
342,Jining Shandong,China,"1,543,534","1,518,329",1.66%
343,Abu Dhabi,United Arab Emirates,"1,539,830","1,511,768",1.86%
344,N Djamena,Chad,"1,532,588","1,476,115",3.83%
345,Tegucigalpa,Honduras,"1,526,660","1,485,300",2.78%
346,Gwangju,South Korea,"1,526,457","1,523,822",0.17%
347,Yekaterinburg,Russia,"1,521,136","1,513,142",0.53%
348,Kathmandu,Nepal,"1,521,057","1,471,867",3.34%
349,Edmonton,Canada,"1,518,921","1,491,076",1.87%
350,Natal,Brazil,"1,511,614","1,485,363",1.77%
351,Grande Sao Luis,Brazil,"1,511,102","1,498,475",0.84%
352,Ranchi,India,"1,510,765","1,474,748",2.44%
353,Zhangjiakou,China,"1,502,958","1,468,954",2.31%
354,Mandalay,Myanmar,"1,500,625","1,469,193",2.14%
355,Jabalpur,India,"1,495,679","1,471,644",1.63%
356,Huainan,China,"1,486,964","1,461,918",1.71%
357,Asansol,India,"1,478,266","1,453,747",1.69%
358,Kota,India,"1,474,243","1,430,870",3.03%
359,Chaozhou,China,"1,472,558","1,449,830",1.57%
360,Gwalior,India,"1,442,015","1,409,820",2.28%
361,San Jose,Costa Rica,"1,441,324","1,420,533",1.46%
362,Allahabad,India,"1,439,202","1,415,463",1.68%
363,Yiwu,China,"1,436,780","1,386,791",3.60%
364,Chon Buri,Thailand,"1,435,745","1,417,247",1.31%
365,Nouakchott,Mauritania,"1,431,539","1,372,244",4.32%
366,San Diego,United States,"1,429,650","1,427,720",0.14%
367,Amritsar,India,"1,425,040","1,400,311",1.77%
368,Kharkiv,Ukraine,"1,423,343","1,425,987",-0.19%
369,Ottawa,Canada,"1,422,635","1,407,928",1.04%
370,Zurich,Switzerland,"1,419,621","1,407,572",0.86%
371,Taizhou Jiangsu,China,"1,414,649","1,381,569",2.39%
372,Basra,Iraq,"1,413,646","1,381,731",2.31%
373,Joao Pessoa,Brazil,"1,407,889","1,393,345",1.04%
374,Ganzhou,China,"1,405,736","1,347,065",4.36%
375,Belgrade,Serbia,"1,405,192","1,401,786",0.24%
376,Homs,Syria,"1,397,632","1,362,480",2.58%
377,Taian Shandong,China,"1,390,010","1,364,154",1.90%
378,Weihai,China,"1,389,782","1,347,865",3.11%
379,Queretaro,Mexico,"1,389,302","1,364,446",1.82%
380,Mombasa,Kenya,"1,388,979","1,340,913",3.58%
381,Niamey,Niger,"1,383,909","1,335,700",3.61%
382,Konya,Turkey,"1,383,000","1,356,280",1.97%
383,Hai Phong,Vietnam,"1,382,031","1,341,015",3.06%
384,Jiaxing,China,"1,373,885","1,318,418",4.21%
385,Copenhagen,Denmark,"1,370,131","1,358,608",0.85%
386,Cochabamba,Bolivia,"1,368,920","1,336,752",2.41%
387,Dhanbad,India,"1,367,686","1,348,238",1.44%
388,Kisangani,DR Congo,"1,366,342","1,312,353",4.11%
389,Bucaramanga,Colombia,"1,365,580","1,348,882",1.24%
390,Kaifeng,China,"1,359,105","1,317,530",3.16%
391,Adelaide,Australia,"1,355,522","1,345,445",0.75%
392,Taizhong,Taiwan,"1,354,431","1,338,086",1.22%
393,Rizhao,China,"1,353,165","1,312,824",3.07%
394,Maceio,Brazil,"1,350,505","1,336,999",1.01%
395,Suweon,South Korea,"1,349,905","1,331,826",1.36%
396,Dallas,United States,"1,348,890","1,347,120",0.13%
397,Dongying,China,"1,346,126","1,311,494",2.64%
398,Zunyi,China,"1,345,424","1,313,433",2.44%
399,Zhanjiang,China,"1,343,882","1,315,369",2.17%
400,Samut Prakan,Thailand,"1,341,605","1,324,319",1.31%
401,Nanchong,China,"1,339,649","1,299,462",3.09%
402,Joinville,Brazil,"1,334,194","1,319,042",1.15%
403,Qom,Iran,"1,333,404","1,311,172",1.70%
404,Helsinki,Finland,"1,327,762","1,316,757",0.84%
405,Mianyang Sichuan,China,"1,326,012","1,300,725",1.94%
406,Liuan,China,"1,322,063","1,260,817",4.86%
407,Porto,Portugal,"1,320,347","1,316,445",0.30%
408,Antalya,Turkey,"1,318,826","1,287,439",2.44%
409,Shiyan,China,"1,318,236","1,280,495",2.95%
410,Prague,Czech Republic,"1,318,085","1,312,199",0.45%
411,Bareilly,India,"1,317,085","1,285,964",2.42%
412,Liuyang,China,"1,310,870","1,242,055",5.54%
413,Ad Dammam,Saudi Arabia,"1,304,688","1,279,092",2.00%
414,Fushun Liaoning,China,"1,294,781","1,288,357",0.50%
415,Pointe Noire,Republic of the Congo,"1,294,612","1,253,939",3.24%
416,Yingkou,China,"1,288,451","1,251,867",2.92%
417,Sofia,Bulgaria,"1,286,789","1,284,311",0.19%
418,Kazan,Russia,"1,286,418","1,279,794",0.52%
419,Tengzhou,China,"1,281,380","1,236,764",3.61%
420,Port Elizabeth,South Africa,"1,280,550","1,266,533",1.11%
421,Aligarh,India,"1,278,555","1,244,591",2.73%
422,Ahvaz,Iran,"1,277,613","1,261,042",1.31%
423,Florianopolis,Brazil,"1,277,547","1,259,112",1.46%
424,Tanger,Morocco,"1,277,242","1,238,322",3.14%
425,Freetown,Sierra Leone,"1,272,145","1,236,425",2.89%
426,Maoming,China,"1,272,048","1,238,809",2.68%
427,Pekan Baru,Indonesia,"1,271,197","1,238,274",2.66%
428,Fes,Morocco,"1,267,317","1,245,303",1.77%
429,Moradabad,India,"1,267,139","1,232,190",2.84%
430,Suzhou,China,"1,266,746","1,219,579",3.87%
431,Uyo,Nigeria,"1,264,636","1,199,929",5.39%
432,Mysore,India,"1,261,097","1,234,992",2.11%
433,Dublin,Ireland,"1,255,963","1,241,953",1.13%
434,San Luis Potosi,Mexico,"1,254,382","1,235,426",1.53%
435,Astana,Kazakhstan,"1,253,779","1,211,789",3.47%
436,Nizhniy Novgorod,Russia,"1,252,917","1,255,073",-0.17%
437,Ruian,China,"1,246,135","1,208,306",3.13%
438,Mwanza,Tanzania,"1,245,444","1,182,011",5.37%
439,Durg Bhilainagar,India,"1,244,528","1,225,129",1.58%
440,Barquisimeto,Venezuela,"1,240,714","1,227,444",1.08%
441,Jieyang,China,"1,240,240","1,194,681",3.81%
442,Chelyabinsk,Russia,"1,237,272","1,232,887",0.36%
443,Zhuzhou,China,"1,231,664","1,209,032",1.87%
444,Baoji,China,"1,230,134","1,197,824",2.70%
445,Maracay,Venezuela,"1,229,520","1,216,288",1.09%
446,Bhubaneswar,India,"1,226,033","1,194,431",2.65%
447,Pingdingshan Henan,China,"1,225,598","1,193,224",2.71%
448,Zhenjiang Jiangsu,China,"1,225,251","1,199,515",2.15%
449,Chifeng,China,"1,223,975","1,194,621",2.46%
450,Puning,China,"1,223,886","1,192,348",2.65%
451,Lilongwe,Malawi,"1,222,325","1,170,870",4.39%
452,Jinhua,China,"1,215,822","1,170,332",3.89%
453,Mendoza,Argentina,"1,209,458","1,191,470",1.51%
454,Kigali,Rwanda,"1,208,296","1,169,889",3.28%
455,Bogor,Indonesia,"1,207,036","1,183,090",2.02%
456,Huaibei,China,"1,205,931","1,174,248",2.70%
457,Merida,Mexico,"1,201,142","1,181,387",1.67%
458,Tiruchirappalli,India,"1,200,947","1,181,912",1.61%
459,Islamabad,Pakistan,"1,198,035","1,163,584",2.96%
460,Chiang Mai,Thailand,"1,197,931","1,182,498",1.31%
461,Nanyang Henan,China,"1,197,901","1,170,491",2.34%
462,Xiangtan Hunan,China,"1,197,437","1,170,327",2.32%
463,Benxi,China,"1,196,384","1,176,490",1.69%
464,Jinzhou,China,"1,191,977","1,168,535",2.01%
465,Chandigarh,India,"1,191,299","1,169,244",1.89%
466,Bukavu,DR Congo,"1,190,367","1,133,371",5.03%
467,Abomey Calavi,Benin,"1,188,736","1,122,713",5.88%
468,Da Nang,Vietnam,"1,188,374","1,156,585",2.75%
469,Liupanshui,China,"1,183,380","1,131,854",4.55%
470,Omsk,Russia,"1,181,049","1,181,590",-0.05%
471,Nnewi,Nigeria,"1,176,550","1,113,546",5.66%
472,Tripoli,Libya,"1,175,830","1,169,790",0.52%
473,Guilin,China,"1,175,605","1,154,702",1.81%
474,Amsterdam,Netherlands,"1,165,898","1,157,519",0.72%
475,Tasikmalaya,Indonesia,"1,164,908","1,112,112",4.75%
476,Haifa,Israel,"1,163,950","1,155,006",0.77%
477,Binzhou,China,"1,163,766","1,124,728",3.47%
478,Pizhou,China,"1,162,776","1,114,385",4.34%
479,Quetta,Pakistan,"1,159,635","1,129,361",2.68%
480,Mexicali,Mexico,"1,159,544","1,140,298",1.69%
481,Krasnoyarsk,Russia,"1,158,761","1,148,957",0.85%
482,Hubli Dharwad,India,"1,158,368","1,136,923",1.89%
483,Kaduna,Nigeria,"1,158,048","1,133,430",2.17%
484,Samara,Russia,"1,157,631","1,160,167",-0.22%
485,Guwahati,India,"1,154,876","1,135,065",1.75%
486,Aba,Nigeria,"1,150,116","1,114,388",3.21%
487,Luohe,China,"1,149,350","1,096,233",4.85%
488,Salem,India,"1,146,334","1,123,873",2.00%
489,Aguascalientes,Mexico,"1,143,281","1,124,909",1.63%
490,Ufa,Russia,"1,142,399","1,139,561",0.25%
491,Bujumbura,Burundi,"1,139,265","1,074,642",6.01%
492,Maputo,Mozambique,"1,138,960","1,121,697",1.54%
493,Bandar Lampung,Indonesia,"1,138,359","1,114,740",2.12%
494,Rostov On Don,Russia,"1,138,025","1,137,147",0.08%
495,Cologne,Germany,"1,136,992","1,128,652",0.74%
496,Yueqing,China,"1,135,548","1,098,931",3.33%
497,Saharanpur,India,"1,133,891","1,094,581",3.59%
498,Shimkent,Kazakhstan,"1,125,804","1,093,289",2.97%
499,Yongin,South Korea,"1,120,784","1,103,265",1.59%
500,Xinxiang,China,"1,120,346","1,100,407",1.81%
501,Bazhong,China,"1,119,608","1,057,600",5.86%
502,Xiongan,China,"1,117,707","1,045,719",6.88%
503,Zaozhuang,China,"1,117,176","1,101,823",1.39%
504,San Salvador,El Salvador,"1,110,681","1,107,305",0.30%
505,Cuernavaca,Mexico,"1,107,476","1,091,173",1.49%
506,Wenling,China,"1,101,419","1,069,840",2.95%
507,Panjin,China,"1,098,267","1,075,647",2.10%
508,Chihuahua,Mexico,"1,096,429","1,075,861",1.91%
509,Jalandhar,India,"1,096,068","1,074,383",2.02%
510,Goyang,South Korea,"1,094,880","1,082,815",1.11%
511,Fuyang,China,"1,093,520","1,065,192",2.66%
512,Yerevan,Armenia,"1,092,028","1,089,181",0.26%
513,Siliguri,India,"1,091,949","1,056,551",3.35%
514,Managua,Nicaragua,"1,083,094","1,072,852",0.95%
515,Ma'anshan,China,"1,083,048","1,051,771",2.97%
516,Bishkek,Kyrgyzstan,"1,082,214","1,060,113",2.08%
517,Shangrao,China,"1,081,383","1,055,178",2.48%
518,Tbilisi,Georgia,"1,080,349","1,078,846",0.14%
519,Hargeysa,Somalia,"1,079,377","1,033,205",4.47%
520,Cartagena,Colombia,"1,079,004","1,070,692",0.78%
521,Diyarbakir,Turkey,"1,078,994","1,059,686",1.82%
522,Perm,Russia,"1,078,878","1,075,424",0.32%
523,Bien Hoa,Vietnam,"1,078,342","1,045,708",3.12%
524,Zhaoqing,China,"1,077,519","1,050,908",2.53%
525,Voronezh,Russia,"1,077,179","1,072,807",0.41%
526,Bobo Dioulasso,Burkina Faso,"1,074,309","1,022,118",5.11%
527,Lille,France,"1,073,395","1,068,051",0.50%
528,Jingzhou Hubei,China,"1,072,008","1,054,743",1.64%
529,Samarinda,Indonesia,"1,071,258","1,041,183",2.89%
530,Oslo,Norway,"1,071,062","1,056,180",1.41%
531,Kermanshah,Iran,"1,066,369","1,046,604",1.89%
532,Fuzhou Jiangxi,China,"1,065,779","1,028,734",3.60%
533,Johor Bahru,Malaysia,"1,065,341","1,044,548",1.99%
534,Leshan,China,"1,055,794","1,022,088",3.30%
535,Solapur,India,"1,054,911","1,041,886",1.25%
536,Changwon,South Korea,"1,054,243","1,054,775",-0.05%
537,Mersin,Turkey,"1,052,637","1,034,693",1.73%
538,Antwerp,Belgium,"1,052,622","1,047,613",0.48%
539,Kirkuk,Iraq,"1,051,780","1,031,082",2.01%
540,Dezhou,China,"1,050,796","1,019,111",3.11%
541,Toulouse,France,"1,049,246","1,037,115",1.17%
542,Chenzhou,China,"1,046,252","1,004,240",4.18%
543,Aden,Yemen,"1,044,911","1,011,890",3.26%
544,Aracaju,Brazil,"1,042,445","1,026,529",1.55%
545,Huzhou,China,"1,042,111","1,015,538",2.62%
546,Ikorodu,Nigeria,"1,041,166","989,117",5.26%
547,Teresina,Brazil,"1,040,971","1,031,220",0.95%
548,Sekondi Takoradi,Ghana,"1,034,917","990,661",4.47%
549,Asmara,Eritrea,"1,034,872","998,321",3.66%
550,Yueyang,China,"1,034,517","1,021,350",1.29%
551,Xuchang,China,"1,033,680","1,001,570",3.21%
552,Marrakech,Morocco,"1,033,050","1,017,379",1.54%
553,Tampico,Mexico,"1,031,867","1,016,514",1.51%
554,Denpasar,Indonesia,"1,030,815","1,008,709",2.19%
555,Yichun Jiangxi,China,"1,029,428","975,387",5.54%
556,Austin,United States,"1,028,220","1,011,790",1.62%
557,Tshikapa,DR Congo,"1,023,575","970,831",5.43%
558,Changshu,China,"1,022,366","981,654",4.15%
559,Saltillo,Mexico,"1,017,570","1,000,750",1.68%
560,Padang,Indonesia,"1,015,105","997,358",1.78%
561,Rotterdam,Netherlands,"1,014,675","1,012,007",0.26%
562,San Miguel De Tucuman,Argentina,"1,013,645","999,907",1.37%
563,Nyala,Sudan,"1,012,312","967,430",4.64%
564,Cebu City,Philippines,"1,008,662","993,744",1.50%
565,Qujing,China,"1,008,582","976,171",3.32%
566,Odesa,Ukraine,"1,007,989","1,008,508",-0.05%
567,Warangal,India,"1,006,935","983,128",2.42%
568,Acapulco De Juarez,Mexico,"1,005,421","992,205",1.33%
569,San Jose,United States,"1,003,120","1,009,340",-0.62%
570,Ilorin,Nigeria,"1,000,477","973,671",2.75%
571,Valparaiso,Chile,"1,000,467","992,183",0.83%
572,Kayseri,Turkey,"1,000,348","986,987",1.35%
573,Cancun,Mexico,"998,146","971,798",2.71%
574,Volgograd,Russia,"997,537","1,000,755",-0.32%
575,Xintai,China,"996,054","966,759",3.03%
576,Blantyre Limbe,Malawi,"994,911","962,145",3.41%
577,Songkhla,Thailand,"992,237","979,453",1.31%
578,Bordeaux,France,"990,650","980,130",1.07%
579,Krasnodar,Russia,"989,104","974,377",1.51%
580,Nonthaburi,Thailand,"988,230","975,497",1.31%
581,Guiping,China,"980,589","937,152",4.64%
582,Jixi Heilongjiang,China,"977,845","963,278",1.51%
583,Pingxiang Jiangxi,China,"976,771","953,042",2.49%
584,Morelia,Mexico,"975,171","961,834",1.39%
585,Dehradun,India,"967,454","943,136",2.58%
586,Hamah,Syria,"964,154","939,904",2.58%
587,Dushanbe,Tajikistan,"962,139","938,444",2.52%
588,Laiwu,China,"961,197","934,916",2.81%
589,Agadir,Morocco,"960,438","941,839",1.97%
590,Jiujiang,China,"960,233","936,927",2.49%
591,Zhucheng,China,"960,058","926,596",3.61%
592,Fort Worth,United States,"958,692","942,323",1.74%
593,Mudanjiang,China,"958,338","941,660",1.77%
594,Chengde,China,"958,210","920,395",4.11%
595,Jerusalem,Israel,"956,849","944,188",1.34%
596,San Pedro Sula,Honduras,"955,649","929,191",2.85%
597,Misratah,Libya,"953,472","918,946",3.76%
598,Cucuta,Colombia,"953,378","943,489",1.05%
599,Khulna,Bangladesh,"949,659","949,229",0.05%
600,Ciudad Guayana,Venezuela,"949,518","933,968",1.66%
601,Arequipa,Peru,"946,844","934,845",1.28%
602,Dnipro,Ukraine,"946,574","951,821",-0.55%
603,Nice,France,"945,312","943,342",0.21%
604,Owerri,Nigeria,"945,046","908,109",4.07%
605,Zamboanga City,Philippines,"944,864","930,610",1.53%
606,Southampton,United Kingdom,"943,745","935,868",0.84%
607,Guigang,China,"943,042","917,484",2.79%
608,Warri,Nigeria,"942,683","898,927",4.87%
609,Veracruz,Mexico,"942,635","930,387",1.32%
610,Jos,Nigeria,"942,167","917,289",2.71%
611,Rajshahi,Bangladesh,"942,126","924,033",1.96%
612,Seongnam,South Korea,"941,569","942,342",-0.08%
613,Leiyang,China,"939,173","896,394",4.77%
614,Jacksonville,United States,"938,717","929,647",0.98%
615,Pathum Thani,Thailand,"937,977","925,893",1.31%
616,Yangjiang,China,"934,600","912,468",2.43%
617,Reynosa,Mexico,"934,515","917,021",1.91%
618,Bangui,Central African Republic,"933,176","910,270",2.52%
619,Najaf,Iraq,"929,669","901,405",3.14%
620,Bengbu,China,"929,529","915,242",1.56%
621,Zhangzhou,China,"929,015","900,904",3.12%
622,Villahermosa,Mexico,"928,663","913,606",1.65%
623,Sylhet,Bangladesh,"927,856","890,180",4.23%
624,Nampula,Mozambique,"927,472","887,055",4.56%
625,Tianmen,China,"927,240","899,094",3.13%
626,Charlotte,United States,"925,290","912,096",1.45%
627,Antipolo,Philippines,"924,888","902,993",2.42%
628,Hengshui,China,"924,817","891,603",3.73%
629,Xinyu,China,"922,665","890,884",3.57%
630,Linfen,China,"922,495","891,049",3.53%
631,Oran,Algeria,"922,302","910,030",1.35%
632,Columbus,United States,"921,605","913,921",0.84%
633,West Rand,South Africa,"921,524","909,301",1.34%
634,Campo Grande,Brazil,"916,786","907,028",1.08%
635,Lubango,Angola,"914,456","870,935",5.00%
636,Deyang,China,"913,268","885,818",3.10%
637,Ulsan,South Korea,"911,564","910,778",0.09%
638,Liverpool,United Kingdom,"911,546","906,443",0.56%
639,Londrina,Brazil,"911,014","898,681",1.37%
640,Taiz,Yemen,"907,739","875,941",3.63%
641,Bergamo,Italy,"907,202","900,094",0.79%
642,Malang,Indonesia,"906,940","896,009",1.22%
643,Jiangyin,China,"905,154","874,924",3.46%
644,La Plata,Argentina,"904,170","894,159",1.12%
645,Dandong,China,"903,644","890,031",1.53%
646,Concepcion,Chile,"902,142","891,744",1.17%
647,Hermosillo,Mexico,"899,681","883,916",1.78%
648,Liling,China,"898,864","857,167",4.86%
649,Guntur,India,"896,750","875,474",2.43%
650,Baishan,China,"894,834","859,381",4.13%
651,Bahawalpur,Pakistan,"894,561","869,548",2.88%
652,Donetsk,Ukraine,"893,392","899,325",-0.66%
653,Indianapolis,United States,"892,656","887,232",0.61%
654,Trujillo,Peru,"890,973","877,875",1.49%
655,Changzhi,China,"889,876","868,308",2.48%
656,Bhiwandi,India,"889,708","874,032",1.79%
657,Tyumen,Russia,"887,092","866,741",2.35%
658,Liaoyang,China,"885,256","870,185",1.73%
659,San Francisco,United States,"884,108","883,255",0.10%
660,Ashgabat,Turkmenistan,"883,389","864,695",2.16%
661,Tuxtla Gutierrez,Mexico,"881,638","865,000",1.92%
662,Soshanguve,South Africa,"878,960","866,005",1.50%
663,Erbil,Iraq,"877,888","861,158",1.94%
664,Puducherry,India,"877,010","856,354",2.41%
665,Changde,China,"876,395","853,497",2.68%
666,Shangqiu,China,"873,125","850,165",2.70%
667,Culiacan,Mexico,"872,643","856,072",1.94%
668,Firozabad,India,"870,224","845,746",2.89%
669,Xingtai,China,"868,161","849,674",2.18%
670,Bogra,Bangladesh,"864,183","820,297",5.35%
671,Tainan,Taiwan,"863,377","856,736",0.78%
672,Fuxin,China,"863,008","850,647",1.45%
673,Cabinda,Angola,"861,878","819,452",5.18%
674,Huangshi,China,"860,580","844,307",1.93%
675,Umuahia,Nigeria,"860,555","816,983",5.33%
676,Hufuf Mubarraz,Saudi Arabia,"860,353","848,479",1.40%
677,Libreville,Gabon,"856,854","845,100",1.39%
678,Palermo,Italy,"849,675","850,179",-0.06%
679,Yibin,China,"848,003","831,013",2.04%
680,Banghazi,Libya,"847,790","836,031",1.41%
681,Luzhou,China,"845,243","833,637",1.39%
682,Ipoh,Malaysia,"842,281","827,719",1.76%
683,Kuerle,China,"840,372","801,993",4.79%
684,Xinghua,China,"839,474","815,780",2.90%
685,Saratov,Russia,"839,439","840,883",-0.17%
686,Quebec City,Canada,"837,814","831,776",0.73%
687,Cherthala,India,"836,876","801,264",4.44%
688,Valencia,Spain,"836,857","835,341",0.18%
689,Quzhou,China,"836,448","798,191",4.79%
690,Xinyang,China,"836,336","816,967",2.37%
691,Yongzhou,China,"835,771","809,415",3.26%
692,Winnipeg,Canada,"832,944","824,771",0.99%
693,Yangquan,China,"832,913","813,696",2.36%
694,Xiaogan,China,"828,411","806,258",2.75%
695,Bucheon,South Korea,"827,868","829,592",-0.21%
696,Orumiyeh,Iran,"822,533","808,149",1.78%
697,Maiduguri,Nigeria,"822,337","802,988",2.41%
698,Enugu,Nigeria,"819,791","795,271",3.08%
699,Eskisehir,Turkey,"818,551","801,612",2.11%
700,Newcastle Upon Tyne,United Kingdom,"818,452","813,807",0.57%
701,Zhuji,China,"816,151","796,974",2.41%
702,Heze,China,"815,308","804,759",1.31%
703,Huaihua,China,"815,194","784,323",3.94%
704,Barcelona Puerto La Cruz,Venezuela,"815,141","804,488",1.32%
705,Tianshui,China,"814,639","790,461",3.06%
706,Thessaloniki,Greece,"813,793","812,964",0.10%
707,Bologna,Italy,"811,707","808,931",0.34%
708,Haicheng,China,"808,044","795,424",1.59%
709,Huludao,China,"805,739","790,403",1.94%
710,Sorocaba,Brazil,"804,692","795,569",1.15%
711,Bozhou,China,"802,749","773,217",3.82%
712,Bikaner,India,"802,188","786,652",1.97%
713,Nottingham,United Kingdom,"800,394","794,008",0.80%
714,Niigata,Japan,"799,832","801,982",-0.27%
715,Xalapa,Mexico,"799,178","787,349",1.50%
716,Kunshan,China,"798,818","769,021",3.87%
717,Liaocheng,China,"796,139","778,562",2.26%
718,Nellore,India,"794,715","772,941",2.82%
719,Gebze,Turkey,"792,744","769,633",3.00%
720,Nakhon Ratchasima,Thailand,"792,437","783,180",1.18%
721,Jincheng,China,"791,806","763,554",3.70%
722,Frankfurt,Germany,"791,232","784,780",0.82%
723,Taixing,China,"791,025","769,620",2.78%
724,Lokoja,Nigeria,"790,742","741,482",6.64%
725,Seattle,United States,"787,995","776,555",1.47%
726,Cagayan De Oro City,Philippines,"786,304","769,620",2.17%
727,Langfang,China,"786,186","763,320",3.00%
728,Vereeniging,South Africa,"786,127","779,530",0.85%
729,Jiaozuo,China,"785,635","775,685",1.28%
730,Dasmarinas,Philippines,"784,218","765,742",2.41%
731,Kottayam,India,"780,349","739,212",5.56%
732,Ar Rayyan,Qatar,"779,386","759,174",2.66%
733,Sulaimaniya,Iraq,"779,320","758,795",2.70%
734,Amravati,India,"778,087","764,645",1.76%
735,Zhumadian,China,"777,056","747,329",3.98%
736,Benguela,Angola,"776,832","745,372",4.22%
737,Gorakhpur,India,"776,617","766,646",1.30%
738,Hamilton,Canada,"775,751","770,976",0.62%
739,Shaoguan,China,"775,245","767,557",1.00%
740,Meishan,China,"773,630","748,981",3.29%
741,Gaomi,China,"772,476","745,055",3.68%
742,Hanchuan,China,"770,665","743,610",3.64%
743,Krakow,Poland,"769,595","769,307",0.04%
744,Bunia,DR Congo,"767,645","723,276",6.13%
745,Danyang,China,"767,329","743,482",3.21%
746,Muzaffarnagar,India,"767,107","742,227",3.35%
747,Zanzibar,Tanzania,"766,392","734,832",4.29%
748,Ansan,South Korea,"764,669","762,698",0.26%
749,Bur Sa'id,Egypt,"764,116","750,373",1.83%
750,Cuttack,India,"762,998","751,859",1.48%
751,Anqing,China,"762,382","744,768",2.37%
752,Denver,United States,"760,049","749,103",1.46%
753,Anqiu,China,"758,275","721,402",5.11%
754,Banjarmasin,Indonesia,"757,329","744,334",1.75%
755,Kayamkulam,India,"757,238","726,675",4.21%
756,Zigong,China,"757,011","746,711",1.38%
757,Gaza,Palestine,"756,083","734,547",2.93%
758,Qingyuan,China,"755,409","744,726",1.43%
759,Linhai,China,"754,831","732,334",3.07%
760,Erduosi Ordoss,China,"752,919","730,229",3.11%
761,Belgaum,India,"752,185","738,074",1.91%
762,Oshogbo,Nigeria,"749,750","730,529",2.63%
763,Zaria,Nigeria,"749,297","736,098",1.79%
764,Malegaon,India,"747,821","731,493",2.23%
765,Shaoyang,China,"745,467","729,522",2.19%
766,Malanje,Angola,"743,760","704,271",5.61%
767,Zarqa,Jordan,"743,280","737,085",0.84%
768,Sao Jose Dos Campos,Brazil,"740,631","731,481",1.25%
769,Sheffield,United Kingdom,"740,532","735,292",0.71%
770,Kumamoto,Japan,"740,067","741,455",-0.19%
771,Yan'an,China,"739,777","710,029",4.19%
772,Maturin,Venezuela,"739,052","717,788",2.96%
773,Tongliao,China,"738,713","720,662",2.50%
774,Jiamusi,China,"737,932","726,622",1.56%
775,Yanji,China,"737,464","716,660",2.90%
777,Zaragoza,Spain,"736,488","733,825",0.36%
776,Sialkot,Pakistan,"736,488","720,439",2.23%
778,Mangalore,India,"736,027","724,159",1.64%
779,Kitwe,Zambia,"735,499","709,854",3.61%
780,Tongling,China,"734,805","715,946",2.63%
781,Wuzhou,China,"733,917","715,472",2.58%
782,Suining Sichuan,China,"733,643","716,754",2.36%
783,Ribeirao Preto,Brazil,"733,400","724,044",1.29%
784,Xianyang Shaanxi,China,"733,142","723,612",1.32%
785,Dengzhou,China,"732,643","703,922",4.08%
786,Ibb,Yemen,"731,511","690,456",5.95%
787,Rasht,Iran,"731,253","722,026",1.28%
788,Yuncheng,China,"729,924","703,194",3.80%
789,Tirupati,India,"729,109","704,615",3.48%
790,Zaporizhzhya,Ukraine,"728,012","731,984",-0.54%
791,Merca,Somalia,"727,772","696,510",4.49%
792,Dazhou,China,"727,425","705,321",3.13%
793,Panzhihua,China,"727,372","716,878",1.46%
794,Sargodha,Pakistan,"726,839","712,961",1.95%
795,Buffalo City,South Africa,"726,091","717,067",1.26%
796,Oaxaca De Juarez,Mexico,"725,528","714,983",1.47%
797,Cheongju,South Korea,"723,912","720,584",0.46%
798,Bhavnagar,India,"723,845","711,625",1.72%
799,Okayama,Japan,"723,296","724,157",-0.12%
800,Yuxi,China,"723,114","693,811",4.22%
801,Bacoor,Philippines,"722,114","704,334",2.52%
802,Nanded Waghala,India,"721,918","705,667",2.30%
803,Gold Coast,Australia,"721,687","710,650",1.55%
804,Lviv,Ukraine,"721,383","722,476",-0.15%
805,Dongtai,China,"718,737","698,218",2.94%
806,Washington,United States,"718,355","714,153",0.59%
807,Yulin Shaanxi,China,"718,085","706,571",1.63%
808,Akure,Nigeria,"716,815","690,533",3.81%
809,Jammu,India,"716,740","708,612",1.15%
810,Longyan,China,"715,532","703,524",1.71%
811,Yuyao,China,"712,351","695,704",2.39%
812,Al Hudaydah,Yemen,"711,534","689,640",3.17%
813,Bali,Indonesia,"710,136","695,940",2.04%
814,Florence,Italy,"709,915","709,064",0.12%
815,Zhangjiagang,China,"709,608","683,500",3.82%
816,The Hague,Netherlands,"709,388","703,588",0.82%
817,Cotonou,Benin,"708,999","698,868",1.45%
818,Salta,Argentina,"708,049","696,715",1.63%
819,Goma,DR Congo,"706,978","670,218",5.48%
820,Huambo,Angola,"706,476","687,795",2.72%
821,Vientiane,Laos,"706,455","693,594",1.85%
822,Kurnool,India,"706,202","685,818",2.97%
823,Amara,Iraq,"704,736","680,156",3.61%
824,Taicang,China,"703,656","679,623",3.54%
825,Uberlandia,Brazil,"703,607","695,461",1.17%
826,Gulbarga,India,"703,161","687,882",2.22%
827,Taif,Saudi Arabia,"701,675","694,894",0.98%
828,Seville,Spain,"701,339","702,386",-0.15%
829,Tamale,Ghana,"701,171","671,812",4.37%
830,Bristol,United Kingdom,"700,630","693,552",1.02%
831,Buraydah,Saudi Arabia,"699,756","684,626",2.21%
832,Celaya,Mexico,"698,793","689,735",1.31%
833,Durgapur,India,"698,637","686,568",1.76%
834,Jundiai,Brazil,"697,282","688,192",1.32%
835,Boston,United States,"696,959","695,506",0.21%
836,Cheonan,South Korea,"696,284","688,543",1.12%
837,Ankang,China,"695,386","666,656",4.31%
838,Tolyatti,Russia,"694,127","696,889",-0.40%
839,Pontianak,Indonesia,"693,820","680,655",1.93%
840,Nantes,France,"692,582","685,377",1.05%
841,Zhoukou,China,"692,000","671,419",3.07%
842,Padova,Italy,"691,407","687,698",0.54%
843,Manama,Bahrain,"688,558","663,893",3.72%
844,El Paso,United States,"687,287","685,434",0.27%
845,Loudi,China,"687,241","663,765",3.54%
846,Renqiu,China,"687,190","664,262",3.45%
847,Bijie,China,"686,446","662,697",3.58%
848,Lattakia,Syria,"686,064","668,809",2.58%
849,Ezhou,China,"685,640","676,600",1.34%
850,Sokoto,Nigeria,"684,621","662,173",3.39%
851,Zagreb,Croatia,"684,254","684,524",-0.04%
852,Nay Pyi Taw,Myanmar,"683,265","639,759",6.80%
853,Liege,Belgium,"682,272","679,895",0.35%
854,Nashville,United States,"682,262","678,448",0.56%
855,Hezhou,China,"681,538","654,185",4.18%
856,Tongxiang,China,"681,420","656,136",3.85%
857,Santiago,Dominican Republic,"680,377","672,272",1.21%
858,Qinzhou,China,"679,161","661,953",2.60%
859,Mar Del Plata,Argentina,"678,623","672,116",0.97%
860,General Santos City,Philippines,"678,482","665,418",1.96%
861,Samsun,Turkey,"677,895","660,863",2.58%
862,Longhai,China,"677,890","655,081",3.48%
863,Tabuk,Saudi Arabia,"677,042","667,155",1.48%
864,Oklahoma City,United States,"676,492","669,347",1.07%
865,Las Vegas,United States,"675,592","667,501",1.21%
866,Denizli,Turkey,"675,546","660,643",2.26%
867,Genoa,Italy,"675,464","677,222",-0.26%
868,Puyang,China,"675,300","654,261",3.22%
869,Zhoushan,China,"672,378","659,777",1.91%
870,Miluo,China,"671,881","639,015",5.14%
871,Macao,Macau,"671,858","661,838",1.51%
872,Portland,United States,"666,453","662,549",0.59%
873,Lodz,Poland,"666,032","671,395",-0.80%
874,Jhansi,India,"665,825","653,879",1.83%
875,Herat,Afghanistan,"665,477","635,579",4.70%
876,Haimen,China,"664,488","645,598",2.93%
877,Jeonju,South Korea,"664,293","663,607",0.10%
878,Sanya,China,"663,532","644,727",2.92%
879,Neijiang,China,"662,665","653,866",1.35%
880,Erode,India,"661,521","647,988",2.09%
881,Detroit,United States,"661,193","664,139",-0.44%
882,As Suways,Egypt,"660,883","649,368",1.77%
883,Busto Arsizio,Italy,"660,841","657,698",0.48%
884,Wuhai,China,"659,418","644,895",2.25%
885,Jamnagar,India,"658,652","650,977",1.18%
886,Pachuca De Soto,Mexico,"658,437","646,101",1.91%
887,Uvira,DR Congo,"656,701","622,862",5.43%
888,Jubayl,Saudi Arabia,"654,568","631,060",3.73%
889,Durango,Mexico,"654,310","642,750",1.80%
890,Chiclayo,Peru,"653,592","645,366",1.27%
891,Nasiriyah,Iraq,"652,629","634,492",2.86%
892,Hegang,China,"651,987","644,894",1.10%
893,Izhevsk,Russia,"651,870","651,601",0.04%
894,Bokaro Steel City,India,"651,817","642,145",1.51%
895,Doha,Qatar,"651,799","646,177",0.87%
896,Be'er Sheva,Israel,"651,416","644,278",1.11%
897,Memphis,United States,"650,980","651,011",-0.00%
898,Enshi,China,"649,846","619,178",4.95%
899,Chongjin,North Korea,"648,931","645,488",0.53%
900,Jambi,Indonesia,"648,413","637,037",1.79%
901,Bandar Abbas,Iran,"646,124","627,174",3.02%
902,Sihui,China,"645,156","618,859",4.25%
903,Bauchi,Nigeria,"645,005","620,800",3.90%
904,Irkutsk,Russia,"643,796","641,504",0.36%
905,Bulawayo,Zimbabwe,"643,427","639,722",0.58%
906,Safaqis,Tunisia,"643,334","636,613",1.06%
907,Bissau,Guinea Bissau,"642,564","620,974",3.48%
908,Wroclaw,Poland,"642,497","642,085",0.06%
909,Raurkela,India,"641,013","631,310",1.54%
910,Barnaul,Russia,"640,958","640,396",0.09%
911,Venezia,Italy,"639,352","638,264",0.17%
912,Khabarovsk,Russia,"638,918","636,254",0.42%
913,Belfast,United Kingdom,"638,717","634,594",0.65%
914,Duesseldorf,Germany,"637,658","635,046",0.41%
915,Anshun,China,"637,467","619,116",2.96%
916,Bacolod,Philippines,"636,549","624,783",1.88%
917,Verona,Italy,"636,288","633,128",0.50%
918,Kolhapur,India,"635,405","626,791",1.37%
919,Stuttgart,Germany,"634,740","633,808",0.15%
920,Jinzhong,China,"634,364","617,236",2.77%
921,Al Ain,United Arab Emirates,"634,112","622,675",1.84%
922,Patiala,India,"633,896","616,590",2.81%
923,Bilaspur,India,"632,971","616,394",2.69%
924,Abakaliki,Nigeria,"631,844","601,712",5.01%
925,Sanhe,China,"631,313","604,549",4.43%
926,Yulin Guangxi,China,"631,214","622,115",1.46%
927,Kuching,Malaysia,"631,102","621,114",1.61%
928,Hanzhong,China,"630,966","618,109",2.08%
929,Calabar,Nigeria,"630,628","604,546",4.31%
930,Ajmer,India,"630,495","621,505",1.45%
931,Comilla,Bangladesh,"629,972","609,345",3.39%
932,Ujjain,India,"629,276","617,812",1.86%
933,Seregno,Italy,"629,025","624,706",0.69%
934,Hillah,Iraq,"627,517","615,167",2.01%
935,Geneva,Switzerland,"626,618","620,131",1.05%
936,Colombo,Sri Lanka,"625,637","619,001",1.07%
937,Xinmi,China,"624,970","600,980",3.99%
938,Riga,Latvia,"624,925","627,763",-0.45%
939,Gothenburg,Sweden,"624,780","617,781",1.13%
940,San Jose Del Monte,Philippines,"624,757","615,815",1.45%
941,Ulyanovsk,Russia,"623,483","624,103",-0.10%
942,Zahedan,Iran,"623,260","616,511",1.09%
943,Bari,Italy,"622,994","622,590",0.06%
944,Mbeya,Tanzania,"620,340","592,579",4.68%
945,Jingjiang,China,"619,964","599,221",3.46%
946,Mathura,India,"618,409","603,301",2.50%
947,Cenxi,China,"618,141","592,553",4.32%
948,Brighton,United Kingdom,"617,353","612,159",0.85%
949,Feira De Santana,Brazil,"617,341","609,939",1.21%
950,Tlaxcala,Mexico,"616,737","606,590",1.67%
951,Siping,China,"615,328","604,724",1.75%
952,Louisville,United States,"615,067","615,924",-0.14%
953,Agartala,India,"614,898","595,210",3.31%
954,Yaroslavl,Russia,"612,662","612,502",0.03%
955,Shishi,China,"611,746","598,547",2.21%
956,Imphal,India,"611,205","593,524",2.98%
957,Fuqing,China,"610,752","597,698",2.18%
958,Vladivostok,Russia,"609,574","609,632",-0.01%
959,Kryvyi Rih,Ukraine,"608,884","613,696",-0.78%
960,Daye,China,"607,359","592,972",2.43%
961,Skopje,North Macedonia,"605,996","600,708",0.88%
962,Likasi,DR Congo,"605,313","585,678",3.35%
963,Tomsk,Russia,"604,200","600,254",0.66%
964,Shuozhou,China,"604,181","584,272",3.41%
965,Cuito,Angola,"603,814","569,533",6.02%
966,Samarkand,Uzbekistan,"603,131","591,252",2.01%
967,Sanliurfa,Turkey,"603,105","596,713",1.07%
968,Ogbomosho,Nigeria,"602,329","576,557",4.47%
969,Beira,Mozambique,"602,060","584,989",2.92%
970,Sangli,India,"601,522","592,117",1.59%
971,Makhachkala,Russia,"601,215","600,541",0.11%
972,Xiantao,China,"600,733","594,155",1.11%
973,Leipzig,Germany,"600,609","596,230",0.73%
974,Dengfeng,China,"599,655","571,083",5.00%
975,Cabimas,Venezuela,"598,037","588,348",1.65%
976,Qitaihe,China,"597,882","588,212",1.64%
977,Sanmenxia,China,"596,561","579,273",2.98%
978,Tonghua,China,"595,627","584,209",1.95%
979,Ibague,Colombia,"595,312","590,686",0.78%
980,Thoothukkudi,India,"594,792","577,945",2.91%
981,Cuiaba,Brazil,"594,751","591,522",0.55%
982,Xinyi,China,"594,719","577,474",2.99%
983,Mazar E Sharif,Afghanistan,"594,551","563,825",5.45%
984,Kingston,Jamaica,"594,531","592,477",0.35%
985,Samut Sakhon,Thailand,"593,612","585,964",1.31%
986,Zhaodong,China,"593,421","572,358",3.68%
987,Yiyang Hunan,China,"592,894","576,041",2.93%
988,Malaga,Spain,"592,091","591,091",0.17%
989,Yichun Heilongjiang,China,"591,834","593,871",-0.34%
990,Udaipur,India,"591,710","580,191",1.99%
991,Hamadan,Iran,"591,511","584,645",1.17%
992,Djibouti,Djibouti,"591,469","583,695",1.33%
993,Dongyang,China,"591,371","578,734",2.18%
994,Bouake,Ivory Coast,"591,199","580,586",1.83%
995,Dortmund,Germany,"589,865","589,748",0.02%
996,Zaoyang,China,"589,591","576,057",2.35%
997,Vellore,India,"589,549","578,956",1.83%
998,Jalgaon,India,"588,888","576,506",2.15%
999,Ardabil,Iran,"588,081","578,222",1.71%
1000,Bloemfontein,South Africa,"588,013","577,560",1.81%
1001,Hebi,China,"587,125","576,427",1.86%
1002,Gaya,India,"586,662","575,652",1.91%
1003,Milwaukee,United States,"586,503","587,721",-0.21%
1004,Catania,Italy,"586,406","586,049",0.06%
1005,Juiz De Fora,Brazil,"586,167","580,874",0.91%
1006,Kagoshima,Japan,"585,913","588,413",-0.42%
1007,Dresden,Germany,"585,446","580,877",0.79%
1008,Yazd,Iran,"584,392","575,105",1.61%
1009,Jiaozhou,China,"584,363","568,186",2.85%
1010,Gaozhou,China,"583,833","561,197",4.03%
1011,Toulon,France,"583,719","581,264",0.42%
1012,Udon Thani,Thailand,"583,316","576,666",1.15%
1013,Tirunelveli,India,"583,149","574,000",1.59%
1014,Uige,Angola,"582,775","546,706",6.60%
1015,Oujda,Morocco,"582,096","570,257",2.08%
1016,Pereira,Colombia,"581,534","580,225",0.23%
1017,Essen,Germany,"581,112","581,579",-0.08%
1018,Matamoros,Mexico,"578,890","570,752",1.43%
1019,Kitchener,Canada,"578,536","570,681",1.38%
1020,Imus,Philippines,"578,106","553,579",4.43%
1021,Cangzhou,China,"577,252","568,818",1.48%
1022,Poza Rica De Hidalgo,Mexico,"576,991","570,576",1.12%
1023,Santa Fe,Argentina,"576,917","569,991",1.22%
1024,Karbala,Iraq,"576,542","565,196",2.01%
1025,Weinan,China,"576,220","564,709",2.04%
1026,Kota Kinabalu,Malaysia,"575,880","562,824",2.32%
1027,Al Mansurah,Egypt,"574,775","565,015",1.73%
1028,Guangyuan,China,"574,437","557,144",3.10%
1029,Bamenda,Cameroon,"573,285","553,084",3.65%
1030,Panipat,India,"572,020","559,798",2.18%
1031,Kahramanmaras,Turkey,"571,714","559,574",2.17%
1032,Ndola,Zambia,"570,567","555,560",2.70%
1033,Feicheng,China,"570,537","560,756",1.74%
1034,Tepic,Mexico,"569,745","558,052",2.10%
1035,Orenburg,Russia,"569,254","569,029",0.04%
1036,Meknes,Morocco,"568,438","560,746",1.37%
1037,Kemerovo,Russia,"568,150","567,035",0.20%
1038,Arak,Iran,"567,380","559,300",1.44%
1039,Bremen,Germany,"567,146","566,331",0.14%
1040,Gomel,Belarus,"566,678","562,405",0.76%
1041,Baltimore,United States,"566,631","575,584",-1.56%
1042,Tongchuan,China,"566,600","556,484",1.82%
1043,Sakarya,Turkey,"566,544","553,438",2.37%
1044,Basel,Switzerland,"566,503","562,710",0.67%
1045,Al Mukalla,Yemen,"565,894","536,256",5.53%
1046,Mekele,Ethiopia,"564,756","543,622",3.89%
1047,Chiang Rai,Thailand,"564,553","557,280",1.31%
1048,Larkana,Pakistan,"563,752","548,916",2.70%
1049,Khamis Mushayt,Saudi Arabia,"563,511","555,589",1.43%
1050,Basilan City,Philippines,"563,479","548,445",2.74%
1051,Albuquerque,United States,"563,165","562,281",0.16%
1052,Hosur,India,"562,351","528,951",6.31%
1053,Anyang,South Korea,"562,213","564,685",-0.44%
1054,Villavicencio,Colombia,"562,190","553,451",1.58%
1055,Rupganj,Bangladesh,"561,639","522,366",7.52%
1056,Leicester,United Kingdom,"561,635","556,930",0.84%
1057,Shouguang,China,"561,455","552,602",1.60%
1058,Irbid,Jordan,"561,123","559,386",0.31%
1059,Valledupar,Colombia,"560,903","547,790",2.39%
1060,Rajahmundry,India,"560,756","551,828",1.62%
1061,Yongkang,China,"559,477","543,073",3.02%
1062,Utrecht,Netherlands,"558,802","551,879",1.25%
1063,Tucson,United States,"557,718","554,503",0.58%
1064,Sukkur,Pakistan,"556,856","545,349",2.11%
1065,Haining,China,"556,754","542,380",2.65%
1066,Abeokuta,Nigeria,"556,554","543,723",2.36%
1067,Yanshi,China,"555,395","532,183",4.36%
1068,Chaoyang,China,"555,106","546,816",1.52%
1069,Rustenburg,South Africa,"554,517","532,711",4.09%
1070,Taishan,China,"554,052","539,674",2.66%
1071,Calamba,Philippines,"553,519","539,157",2.66%
1072,Ambon,Indonesia,"552,982","533,623",3.63%
1073,Diwaniyah,Iraq,"552,582","532,961",3.68%
1074,Rayong,Thailand,"552,425","545,307",1.31%
1075,Chuzhou,China,"551,067","536,745",2.67%
1076,Gombe,Nigeria,"550,824","529,283",4.07%
1077,Qingzhou,China,"550,740","535,777",2.79%
1078,Changning,China,"550,228","530,738",3.67%
1079,Longkou,China,"550,034","535,497",2.71%
1080,El Djelfa,Algeria,"549,565","527,033",4.28%
1081,Angeles City,Philippines,"549,389","529,991",3.66%
1082,Loum,Cameroon,"549,317","523,577",4.92%
1083,Novokuznetsk,Russia,"548,390","549,364",-0.18%
1084,Mesa,United States,"548,213","538,146",1.87%
1085,Edinburgh,United Kingdom,"548,206","542,599",1.03%
1086,Pingdu,China,"547,622","536,334",2.10%
1087,Dali,China,"547,496","531,353",3.04%
1088,Kerman,Iran,"546,834","543,855",0.55%
1089,Kikwit,DR Congo,"546,313","526,217",3.82%
1090,Bellary,India,"546,285","533,505",2.40%
1091,San Juan,Argentina,"546,001","541,366",0.86%
1092,Mbouda,Cameroon,"545,812","516,015",5.77%
1093,Al Raqqa,Syria,"545,676","531,952",2.58%
1094,Berbera,Somalia,"545,378","521,966",4.49%
1095,Gaoyou,China,"545,339","527,063",3.47%
1096,Port of Spain,Trinidad And Tobago,"544,579","544,305",0.05%
1097,Sheikhupura,Pakistan,"544,534","530,798",2.59%
1098,Namangan,Uzbekistan,"543,956","536,396",1.41%
1099,Hamhung,North Korea,"543,954","545,847",-0.35%
1100,Gongyi,China,"543,773","527,880",3.01%
1101,Puerto Vallarta,Mexico,"543,530","530,078",2.54%
1102,Balashikha,Russia,"543,345","530,037",2.51%
1103,Zinder,Niger,"543,171","515,736",5.32%
1104,Van,Turkey,"542,795","527,682",2.86%
1105,Heyuan,China,"541,758","532,613",1.72%
1106,Vilnius,Lithuania,"540,775","539,978",0.15%
1107,Laixi,China,"540,351","523,107",3.30%
1108,Ryazan,Russia,"540,110","540,183",-0.01%
1109,Santa Marta,Colombia,"540,028","533,792",1.17%
1110,Fresno,United States,"539,862","537,100",0.51%
1111,Shizuishan,China,"539,502","527,050",2.36%
1112,Pietermaritzburg,South Africa,"539,069","532,766",1.18%
1113,Chuxiong,China,"538,803","520,282",3.56%
1114,Changge,China,"538,711","515,109",4.58%
1115,Xingning,China,"537,850","513,553",4.73%
1116,Hannover,Germany,"537,783","537,418",0.07%
1117,Shangyu,China,"537,616","524,344",2.53%
1118,Surakarta,Indonesia,"537,566","531,897",1.07%
1119,Kabinda,DR Congo,"536,653","501,054",7.10%
1120,Naberezhnye Tchelny,Russia,"535,498","535,124",0.07%
1121,Astrakhan,Russia,"534,646","534,762",-0.02%
1122,Cuautla Morelos,Mexico,"534,186","525,498",1.65%
1123,Grenoble,France,"533,773","530,690",0.58%
1124,Atlanta,United States,"532,695","524,067",1.65%
1125,Nakhon Pathom,Thailand,"532,517","518,433",2.72%
1126,Kakinada,India,"531,807","522,676",1.75%
1127,Kalasin,Thailand,"531,365","524,519",1.31%
1128,Sacramento,United States,"531,285","525,398",1.12%
1129,Porto Velho,Brazil,"531,220","521,270",1.91%
1130,Al Mahallah Al Kubra,Egypt,"530,913","523,903",1.34%
1131,Davanagere,India,"530,472","520,856",1.85%
1132,Qianjiang,China,"529,771","520,601",1.76%
1133,Vale Do Aco,Brazil,"529,577","525,634",0.75%
1134,Muzaffarpur,India,"528,834","516,403",2.41%
1135,Ziyang,China,"527,785","514,110",2.66%
1136,Mataram,Indonesia,"527,656","516,280",2.20%
1137,Ar Rusayfah,Jordan,"527,512","525,880",0.31%
1138,Kandahar,Afghanistan,"526,775","511,949",2.90%
1139,Changyi,China,"526,774","505,019",4.31%
1140,Songyuan,China,"526,745","519,674",1.36%
1141,Poznan,Poland,"525,919","528,457",-0.48%
1142,Kuantan,Malaysia,"525,872","514,419",2.23%
1143,Eslamshahr,Iran,"523,318","511,227",2.37%
1144,Duisburg,Germany,"522,418","519,056",0.65%
1145,Guang An,China,"521,871","503,551",3.64%
1146,Penza,Russia,"521,504","522,207",-0.13%
1147,Jinjiang,China,"521,427","509,894",2.26%
1148,Utsunomiya,Japan,"521,011","521,669",-0.13%
1149,Begusarai,India,"520,301","494,581",5.20%
1150,Arusha,Tanzania,"518,898","504,857",2.78%
1151,Kirov,Russia,"516,717","514,996",0.33%
1152,Barisal,Bangladesh,"516,299","499,854",3.29%
1153,Ado Ekiti,Nigeria,"516,227","497,483",3.77%
1154,Khon Kaen,Thailand,"515,924","509,278",1.30%
1155,Purnia,India,"515,479","496,830",3.75%
1156,Tanta,Egypt,"515,179","508,012",1.41%
1157,London Ca,Canada,"514,785","511,368",0.67%
1158,Jianyang,China,"514,370","500,925",2.68%
1159,Bournemouth,United Kingdom,"514,313","510,021",0.84%
1160,Kismaayo,Somalia,"512,590","491,425",4.31%
1161,Shuangyashan,China,"512,261","507,257",0.99%
1162,Nurenberg,Germany,"511,839","511,889",-0.01%
1163,Malatya,Turkey,"511,763","503,988",1.54%
1164,Cheboksary,Russia,"511,753","509,038",0.53%
1165,Tirana,Albania,"511,559","502,734",1.76%
1166,Kolwezi,DR Congo,"510,648","501,375",1.85%
1167,Nanping,China,"510,451","500,785",1.93%
1168,El Obeid,Sudan,"510,061","495,283",2.98%
1169,Jingmen,China,"509,926","499,403",2.11%
1170,Surat Thani,Thailand,"509,124","502,564",1.31%
1171,Murcia,Spain,"508,575","504,491",0.81%
1172,Ubon Ratchathani,Thailand,"508,169","501,747",1.28%
1173,Matsuyama,Japan,"506,632","508,241",-0.32%
1174,Yongcheng,China,"506,310","490,255",3.27%
1175,Karaganda,Kazakhstan,"506,193","505,157",0.21%
1176,Zhongxiang,China,"505,774","498,483",1.46%
1177,Kansas City,United States,"505,272","501,957",0.66%
1178,Katsina,Nigeria,"504,873","486,745",3.72%
1179,Lipetsk,Russia,"504,673","505,846",-0.23%
1180,Port Sudan,Sudan,"504,533","493,366",2.26%
1181,Macapa,Brazil,"504,509","495,838",1.75%
1182,Chaohu,China,"504,099","494,528",1.94%
1183,La Serena Coquimbo,Chile,"503,013","493,767",1.87%
1184,Zhuanghe,China,"502,143","484,394",3.66%
1185,Latur,India,"501,664","490,405",2.30%
1186,Douai Lens,France,"501,583","500,921",0.13%
1187,Xuancheng,China,"500,734","484,126",3.43%
